Date,Year,Month_Number,Month_Name,Month_Year,Quarter,Fiscal_Year,Fiscal_Month_Sort
01-04-2025,2025,4,Apr,Apr-25,Q2,FY25-26,1
02-04-2025,2025,4,Apr,Apr-25,Q2,FY25-26,2
03-04-2025,2025,4,Apr,Apr-25,Q2,FY25-26,3
04-04-2025,2025,4,Apr,Apr-25,Q2,FY25-26,4
05-04-2025,2025,4,Apr,Apr-25,Q2,FY25-26,5
06-04-2025,2025,4,Apr,Apr-25,Q2,FY25-26,6
07-04-2025,2025,4,Apr,Apr-25,Q2,FY25-26,7
08-04-2025,2025,4,Apr,Apr-25,Q2,FY25-26,8
09-04-2025,2025,4,Apr,Apr-25,Q2,FY25-26,9
10-04-2025,2025,4,Apr,Apr-25,Q2,FY25-26,10
11-04-2025,2025,4,Apr,Apr-25,Q2,FY25-26,11
12-04-2025,2025,4,Apr,Apr-25,Q2,FY25-26,12
13-04-2025,2025,4,Apr,Apr-25,Q2,FY25-26,13
14-04-2025,2025,4,Apr,Apr-25,Q2,FY25-26,14
15-04-2025,2025,4,Apr,Apr-25,Q2,FY25-26,15
16-04-2025,2025,4,Apr,Apr-25,Q2,FY25-26,16
17-04-2025,2025,4,Apr,Apr-25,Q2,FY25-26,17
18-04-2025,2025,4,Apr,Apr-25,Q2,FY25-26,18
19-04-2025,2025,4,Apr,Apr-25,Q2,FY25-26,19
20-04-2025,2025,4,Apr,Apr-25,Q2,FY25-26,20
21-04-2025,2025,4,Apr,Apr-25,Q2,FY25-26,21
22-04-2025,2025,4,Apr,Apr-25,Q2,FY25-26,22
23-04-2025,2025,4,Apr,Apr-25,Q2,FY25-26,23
24-04-2025,2025,4,Apr,Apr-25,Q2,FY25-26,24
25-04-2025,2025,4,Apr,Apr-25,Q2,FY25-26,25
26-04-2025,2025,4,Apr,Apr-25,Q2,FY25-26,26
27-04-2025,2025,4,Apr,Apr-25,Q2,FY25-26,27
28-04-2025,2025,4,Apr,Apr-25,Q2,FY25-26,28
29-04-2025,2025,4,Apr,Apr-25,Q2,FY25-26,29
30-04-2025,2025,4,Apr,Apr-25,Q2,FY25-26,30
01-05-2025,2025,5,May,May-25,Q2,FY25-26,31
02-05-2025,2025,5,May,May-25,Q2,FY25-26,32
03-05-2025,2025,5,May,May-25,Q2,FY25-26,33
04-05-2025,2025,5,May,May-25,Q2,FY25-26,34
05-05-2025,2025,5,May,May-25,Q2,FY25-26,35
06-05-2025,2025,5,May,May-25,Q2,FY25-26,36
07-05-2025,2025,5,May,May-25,Q2,FY25-26,37
08-05-2025,2025,5,May,May-25,Q2,FY25-26,38
09-05-2025,2025,5,May,May-25,Q2,FY25-26,39
10-05-2025,2025,5,May,May-25,Q2,FY25-26,40
11-05-2025,2025,5,May,May-25,Q2,FY25-26,41
12-05-2025,2025,5,May,May-25,Q2,FY25-26,42
13-05-2025,2025,5,May,May-25,Q2,FY25-26,43
14-05-2025,2025,5,May,May-25,Q2,FY25-26,44
15-05-2025,2025,5,May,May-25,Q2,FY25-26,45
16-05-2025,2025,5,May,May-25,Q2,FY25-26,46
17-05-2025,2025,5,May,May-25,Q2,FY25-26,47
18-05-2025,2025,5,May,May-25,Q2,FY25-26,48
19-05-2025,2025,5,May,May-25,Q2,FY25-26,49
20-05-2025,2025,5,May,May-25,Q2,FY25-26,50
21-05-2025,2025,5,May,May-25,Q2,FY25-26,51
22-05-2025,2025,5,May,May-25,Q2,FY25-26,52
23-05-2025,2025,5,May,May-25,Q2,FY25-26,53
24-05-2025,2025,5,May,May-25,Q2,FY25-26,54
25-05-2025,2025,5,May,May-25,Q2,FY25-26,55
26-05-2025,2025,5,May,May-25,Q2,FY25-26,56
27-05-2025,2025,5,May,May-25,Q2,FY25-26,57
28-05-2025,2025,5,May,May-25,Q2,FY25-26,58
29-05-2025,2025,5,May,May-25,Q2,FY25-26,59
30-05-2025,2025,5,May,May-25,Q2,FY25-26,60
31-05-2025,2025,5,May,May-25,Q2,FY25-26,61
01-06-2025,2025,6,Jun,Jun-25,Q2,FY25-26,62
02-06-2025,2025,6,Jun,Jun-25,Q2,FY25-26,63
03-06-2025,2025,6,Jun,Jun-25,Q2,FY25-26,64
04-06-2025,2025,6,Jun,Jun-25,Q2,FY25-26,65
05-06-2025,2025,6,Jun,Jun-25,Q2,FY25-26,66
06-06-2025,2025,6,Jun,Jun-25,Q2,FY25-26,67
07-06-2025,2025,6,Jun,Jun-25,Q2,FY25-26,68
08-06-2025,2025,6,Jun,Jun-25,Q2,FY25-26,69
09-06-2025,2025,6,Jun,Jun-25,Q2,FY25-26,70
10-06-2025,2025,6,Jun,Jun-25,Q2,FY25-26,71
11-06-2025,2025,6,Jun,Jun-25,Q2,FY25-26,72
12-06-2025,2025,6,Jun,Jun-25,Q2,FY25-26,73
13-06-2025,2025,6,Jun,Jun-25,Q2,FY25-26,74
14-06-2025,2025,6,Jun,Jun-25,Q2,FY25-26,75
15-06-2025,2025,6,Jun,Jun-25,Q2,FY25-26,76
16-06-2025,2025,6,Jun,Jun-25,Q2,FY25-26,77
17-06-2025,2025,6,Jun,Jun-25,Q2,FY25-26,78
18-06-2025,2025,6,Jun,Jun-25,Q2,FY25-26,79
19-06-2025,2025,6,Jun,Jun-25,Q2,FY25-26,80
20-06-2025,2025,6,Jun,Jun-25,Q2,FY25-26,81
21-06-2025,2025,6,Jun,Jun-25,Q2,FY25-26,82
22-06-2025,2025,6,Jun,Jun-25,Q2,FY25-26,83
23-06-2025,2025,6,Jun,Jun-25,Q2,FY25-26,84
24-06-2025,2025,6,Jun,Jun-25,Q2,FY25-26,85
25-06-2025,2025,6,Jun,Jun-25,Q2,FY25-26,86
26-06-2025,2025,6,Jun,Jun-25,Q2,FY25-26,87
27-06-2025,2025,6,Jun,Jun-25,Q2,FY25-26,88
28-06-2025,2025,6,Jun,Jun-25,Q2,FY25-26,89
29-06-2025,2025,6,Jun,Jun-25,Q2,FY25-26,90
30-06-2025,2025,6,Jun,Jun-25,Q2,FY25-26,91
01-07-2025,2025,7,Jul,Jul-25,Q3,FY25-26,92
02-07-2025,2025,7,Jul,Jul-25,Q3,FY25-26,93
03-07-2025,2025,7,Jul,Jul-25,Q3,FY25-26,94
04-07-2025,2025,7,Jul,Jul-25,Q3,FY25-26,95
05-07-2025,2025,7,Jul,Jul-25,Q3,FY25-26,96
06-07-2025,2025,7,Jul,Jul-25,Q3,FY25-26,97
07-07-2025,2025,7,Jul,Jul-25,Q3,FY25-26,98
08-07-2025,2025,7,Jul,Jul-25,Q3,FY25-26,99
09-07-2025,2025,7,Jul,Jul-25,Q3,FY25-26,100
10-07-2025,2025,7,Jul,Jul-25,Q3,FY25-26,101
11-07-2025,2025,7,Jul,Jul-25,Q3,FY25-26,102
12-07-2025,2025,7,Jul,Jul-25,Q3,FY25-26,103
13-07-2025,2025,7,Jul,Jul-25,Q3,FY25-26,104
14-07-2025,2025,7,Jul,Jul-25,Q3,FY25-26,105
15-07-2025,2025,7,Jul,Jul-25,Q3,FY25-26,106
16-07-2025,2025,7,Jul,Jul-25,Q3,FY25-26,107
17-07-2025,2025,7,Jul,Jul-25,Q3,FY25-26,108
18-07-2025,2025,7,Jul,Jul-25,Q3,FY25-26,109
19-07-2025,2025,7,Jul,Jul-25,Q3,FY25-26,110
20-07-2025,2025,7,Jul,Jul-25,Q3,FY25-26,111
21-07-2025,2025,7,Jul,Jul-25,Q3,FY25-26,112
22-07-2025,2025,7,Jul,Jul-25,Q3,FY25-26,113
23-07-2025,2025,7,Jul,Jul-25,Q3,FY25-26,114
24-07-2025,2025,7,Jul,Jul-25,Q3,FY25-26,115
25-07-2025,2025,7,Jul,Jul-25,Q3,FY25-26,116
26-07-2025,2025,7,Jul,Jul-25,Q3,FY25-26,117
27-07-2025,2025,7,Jul,Jul-25,Q3,FY25-26,118
28-07-2025,2025,7,Jul,Jul-25,Q3,FY25-26,119
29-07-2025,2025,7,Jul,Jul-25,Q3,FY25-26,120
30-07-2025,2025,7,Jul,Jul-25,Q3,FY25-26,121
31-07-2025,2025,7,Jul,Jul-25,Q3,FY25-26,122
01-08-2025,2025,8,Aug,Aug-25,Q3,FY25-26,123
02-08-2025,2025,8,Aug,Aug-25,Q3,FY25-26,124
03-08-2025,2025,8,Aug,Aug-25,Q3,FY25-26,125
04-08-2025,2025,8,Aug,Aug-25,Q3,FY25-26,126
05-08-2025,2025,8,Aug,Aug-25,Q3,FY25-26,127
06-08-2025,2025,8,Aug,Aug-25,Q3,FY25-26,128
07-08-2025,2025,8,Aug,Aug-25,Q3,FY25-26,129
08-08-2025,2025,8,Aug,Aug-25,Q3,FY25-26,130
09-08-2025,2025,8,Aug,Aug-25,Q3,FY25-26,131
10-08-2025,2025,8,Aug,Aug-25,Q3,FY25-26,132
11-08-2025,2025,8,Aug,Aug-25,Q3,FY25-26,133
12-08-2025,2025,8,Aug,Aug-25,Q3,FY25-26,134
13-08-2025,2025,8,Aug,Aug-25,Q3,FY25-26,135
14-08-2025,2025,8,Aug,Aug-25,Q3,FY25-26,136
15-08-2025,2025,8,Aug,Aug-25,Q3,FY25-26,137
16-08-2025,2025,8,Aug,Aug-25,Q3,FY25-26,138
17-08-2025,2025,8,Aug,Aug-25,Q3,FY25-26,139
18-08-2025,2025,8,Aug,Aug-25,Q3,FY25-26,140
19-08-2025,2025,8,Aug,Aug-25,Q3,FY25-26,141
20-08-2025,2025,8,Aug,Aug-25,Q3,FY25-26,142
21-08-2025,2025,8,Aug,Aug-25,Q3,FY25-26,143
22-08-2025,2025,8,Aug,Aug-25,Q3,FY25-26,144
23-08-2025,2025,8,Aug,Aug-25,Q3,FY25-26,145
24-08-2025,2025,8,Aug,Aug-25,Q3,FY25-26,146
25-08-2025,2025,8,Aug,Aug-25,Q3,FY25-26,147
26-08-2025,2025,8,Aug,Aug-25,Q3,FY25-26,148
27-08-2025,2025,8,Aug,Aug-25,Q3,FY25-26,149
28-08-2025,2025,8,Aug,Aug-25,Q3,FY25-26,150
29-08-2025,2025,8,Aug,Aug-25,Q3,FY25-26,151
30-08-2025,2025,8,Aug,Aug-25,Q3,FY25-26,152
31-08-2025,2025,8,Aug,Aug-25,Q3,FY25-26,153
01-09-2025,2025,9,Sep,Sep-25,Q3,FY25-26,154
02-09-2025,2025,9,Sep,Sep-25,Q3,FY25-26,155
03-09-2025,2025,9,Sep,Sep-25,Q3,FY25-26,156
04-09-2025,2025,9,Sep,Sep-25,Q3,FY25-26,157
05-09-2025,2025,9,Sep,Sep-25,Q3,FY25-26,158
06-09-2025,2025,9,Sep,Sep-25,Q3,FY25-26,159
07-09-2025,2025,9,Sep,Sep-25,Q3,FY25-26,160
08-09-2025,2025,9,Sep,Sep-25,Q3,FY25-26,161
09-09-2025,2025,9,Sep,Sep-25,Q3,FY25-26,162
10-09-2025,2025,9,Sep,Sep-25,Q3,FY25-26,163
11-09-2025,2025,9,Sep,Sep-25,Q3,FY25-26,164
12-09-2025,2025,9,Sep,Sep-25,Q3,FY25-26,165
13-09-2025,2025,9,Sep,Sep-25,Q3,FY25-26,166
14-09-2025,2025,9,Sep,Sep-25,Q3,FY25-26,167
15-09-2025,2025,9,Sep,Sep-25,Q3,FY25-26,168
16-09-2025,2025,9,Sep,Sep-25,Q3,FY25-26,169
17-09-2025,2025,9,Sep,Sep-25,Q3,FY25-26,170
18-09-2025,2025,9,Sep,Sep-25,Q3,FY25-26,171
19-09-2025,2025,9,Sep,Sep-25,Q3,FY25-26,172
20-09-2025,2025,9,Sep,Sep-25,Q3,FY25-26,173
21-09-2025,2025,9,Sep,Sep-25,Q3,FY25-26,174
22-09-2025,2025,9,Sep,Sep-25,Q3,FY25-26,175
23-09-2025,2025,9,Sep,Sep-25,Q3,FY25-26,176
24-09-2025,2025,9,Sep,Sep-25,Q3,FY25-26,177
25-09-2025,2025,9,Sep,Sep-25,Q3,FY25-26,178
26-09-2025,2025,9,Sep,Sep-25,Q3,FY25-26,179
27-09-2025,2025,9,Sep,Sep-25,Q3,FY25-26,180
28-09-2025,2025,9,Sep,Sep-25,Q3,FY25-26,181
29-09-2025,2025,9,Sep,Sep-25,Q3,FY25-26,182
30-09-2025,2025,9,Sep,Sep-25,Q3,FY25-26,183
01-10-2025,2025,10,Oct,Oct-25,Q4,FY25-26,184
02-10-2025,2025,10,Oct,Oct-25,Q4,FY25-26,185
03-10-2025,2025,10,Oct,Oct-25,Q4,FY25-26,186
04-10-2025,2025,10,Oct,Oct-25,Q4,FY25-26,187
05-10-2025,2025,10,Oct,Oct-25,Q4,FY25-26,188
06-10-2025,2025,10,Oct,Oct-25,Q4,FY25-26,189
07-10-2025,2025,10,Oct,Oct-25,Q4,FY25-26,190
08-10-2025,2025,10,Oct,Oct-25,Q4,FY25-26,191
09-10-2025,2025,10,Oct,Oct-25,Q4,FY25-26,192
10-10-2025,2025,10,Oct,Oct-25,Q4,FY25-26,193
11-10-2025,2025,10,Oct,Oct-25,Q4,FY25-26,194
12-10-2025,2025,10,Oct,Oct-25,Q4,FY25-26,195
13-10-2025,2025,10,Oct,Oct-25,Q4,FY25-26,196
14-10-2025,2025,10,Oct,Oct-25,Q4,FY25-26,197
15-10-2025,2025,10,Oct,Oct-25,Q4,FY25-26,198
16-10-2025,2025,10,Oct,Oct-25,Q4,FY25-26,199
17-10-2025,2025,10,Oct,Oct-25,Q4,FY25-26,200
18-10-2025,2025,10,Oct,Oct-25,Q4,FY25-26,201
19-10-2025,2025,10,Oct,Oct-25,Q4,FY25-26,202
20-10-2025,2025,10,Oct,Oct-25,Q4,FY25-26,203
21-10-2025,2025,10,Oct,Oct-25,Q4,FY25-26,204
22-10-2025,2025,10,Oct,Oct-25,Q4,FY25-26,205
23-10-2025,2025,10,Oct,Oct-25,Q4,FY25-26,206
24-10-2025,2025,10,Oct,Oct-25,Q4,FY25-26,207
25-10-2025,2025,10,Oct,Oct-25,Q4,FY25-26,208
26-10-2025,2025,10,Oct,Oct-25,Q4,FY25-26,209
27-10-2025,2025,10,Oct,Oct-25,Q4,FY25-26,210
28-10-2025,2025,10,Oct,Oct-25,Q4,FY25-26,211
29-10-2025,2025,10,Oct,Oct-25,Q4,FY25-26,212
30-10-2025,2025,10,Oct,Oct-25,Q4,FY25-26,213
31-10-2025,2025,10,Oct,Oct-25,Q4,FY25-26,214
01-11-2025,2025,11,Nov,Nov-25,Q4,FY25-26,215
02-11-2025,2025,11,Nov,Nov-25,Q4,FY25-26,216
03-11-2025,2025,11,Nov,Nov-25,Q4,FY25-26,217
04-11-2025,2025,11,Nov,Nov-25,Q4,FY25-26,218
05-11-2025,2025,11,Nov,Nov-25,Q4,FY25-26,219
06-11-2025,2025,11,Nov,Nov-25,Q4,FY25-26,220
07-11-2025,2025,11,Nov,Nov-25,Q4,FY25-26,221
08-11-2025,2025,11,Nov,Nov-25,Q4,FY25-26,222
09-11-2025,2025,11,Nov,Nov-25,Q4,FY25-26,223
10-11-2025,2025,11,Nov,Nov-25,Q4,FY25-26,224
11-11-2025,2025,11,Nov,Nov-25,Q4,FY25-26,225
12-11-2025,2025,11,Nov,Nov-25,Q4,FY25-26,226
13-11-2025,2025,11,Nov,Nov-25,Q4,FY25-26,227
14-11-2025,2025,11,Nov,Nov-25,Q4,FY25-26,228
15-11-2025,2025,11,Nov,Nov-25,Q4,FY25-26,229
16-11-2025,2025,11,Nov,Nov-25,Q4,FY25-26,230
17-11-2025,2025,11,Nov,Nov-25,Q4,FY25-26,231
18-11-2025,2025,11,Nov,Nov-25,Q4,FY25-26,232
19-11-2025,2025,11,Nov,Nov-25,Q4,FY25-26,233
20-11-2025,2025,11,Nov,Nov-25,Q4,FY25-26,234
21-11-2025,2025,11,Nov,Nov-25,Q4,FY25-26,235
22-11-2025,2025,11,Nov,Nov-25,Q4,FY25-26,236
23-11-2025,2025,11,Nov,Nov-25,Q4,FY25-26,237
24-11-2025,2025,11,Nov,Nov-25,Q4,FY25-26,238
25-11-2025,2025,11,Nov,Nov-25,Q4,FY25-26,239
26-11-2025,2025,11,Nov,Nov-25,Q4,FY25-26,240
27-11-2025,2025,11,Nov,Nov-25,Q4,FY25-26,241
28-11-2025,2025,11,Nov,Nov-25,Q4,FY25-26,242
29-11-2025,2025,11,Nov,Nov-25,Q4,FY25-26,243
30-11-2025,2025,11,Nov,Nov-25,Q4,FY25-26,244
01-12-2025,2025,12,Dec,Dec-25,Q4,FY25-26,245
02-12-2025,2025,12,Dec,Dec-25,Q4,FY25-26,246
03-12-2025,2025,12,Dec,Dec-25,Q4,FY25-26,247
04-12-2025,2025,12,Dec,Dec-25,Q4,FY25-26,248
05-12-2025,2025,12,Dec,Dec-25,Q4,FY25-26,249
06-12-2025,2025,12,Dec,Dec-25,Q4,FY25-26,250
07-12-2025,2025,12,Dec,Dec-25,Q4,FY25-26,251
08-12-2025,2025,12,Dec,Dec-25,Q4,FY25-26,252
09-12-2025,2025,12,Dec,Dec-25,Q4,FY25-26,253
10-12-2025,2025,12,Dec,Dec-25,Q4,FY25-26,254
11-12-2025,2025,12,Dec,Dec-25,Q4,FY25-26,255
12-12-2025,2025,12,Dec,Dec-25,Q4,FY25-26,256
13-12-2025,2025,12,Dec,Dec-25,Q4,FY25-26,257
14-12-2025,2025,12,Dec,Dec-25,Q4,FY25-26,258
15-12-2025,2025,12,Dec,Dec-25,Q4,FY25-26,259
16-12-2025,2025,12,Dec,Dec-25,Q4,FY25-26,260
17-12-2025,2025,12,Dec,Dec-25,Q4,FY25-26,261
18-12-2025,2025,12,Dec,Dec-25,Q4,FY25-26,262
19-12-2025,2025,12,Dec,Dec-25,Q4,FY25-26,263
20-12-2025,2025,12,Dec,Dec-25,Q4,FY25-26,264
21-12-2025,2025,12,Dec,Dec-25,Q4,FY25-26,265
22-12-2025,2025,12,Dec,Dec-25,Q4,FY25-26,266
23-12-2025,2025,12,Dec,Dec-25,Q4,FY25-26,267
24-12-2025,2025,12,Dec,Dec-25,Q4,FY25-26,268
25-12-2025,2025,12,Dec,Dec-25,Q4,FY25-26,269
26-12-2025,2025,12,Dec,Dec-25,Q4,FY25-26,270
27-12-2025,2025,12,Dec,Dec-25,Q4,FY25-26,271
28-12-2025,2025,12,Dec,Dec-25,Q4,FY25-26,272
29-12-2025,2025,12,Dec,Dec-25,Q4,FY25-26,273
30-12-2025,2025,12,Dec,Dec-25,Q4,FY25-26,274
31-12-2025,2025,12,Dec,Dec-25,Q4,FY25-26,275
01-01-2026,2026,1,Jan,Jan-26,Q1,FY25-26,276
02-01-2026,2026,1,Jan,Jan-26,Q1,FY25-26,277
03-01-2026,2026,1,Jan,Jan-26,Q1,FY25-26,278
04-01-2026,2026,1,Jan,Jan-26,Q1,FY25-26,279
05-01-2026,2026,1,Jan,Jan-26,Q1,FY25-26,280
06-01-2026,2026,1,Jan,Jan-26,Q1,FY25-26,281
07-01-2026,2026,1,Jan,Jan-26,Q1,FY25-26,282
08-01-2026,2026,1,Jan,Jan-26,Q1,FY25-26,283
09-01-2026,2026,1,Jan,Jan-26,Q1,FY25-26,284
10-01-2026,2026,1,Jan,Jan-26,Q1,FY25-26,285
11-01-2026,2026,1,Jan,Jan-26,Q1,FY25-26,286
12-01-2026,2026,1,Jan,Jan-26,Q1,FY25-26,287
13-01-2026,2026,1,Jan,Jan-26,Q1,FY25-26,288
14-01-2026,2026,1,Jan,Jan-26,Q1,FY25-26,289
15-01-2026,2026,1,Jan,Jan-26,Q1,FY25-26,290
16-01-2026,2026,1,Jan,Jan-26,Q1,FY25-26,291
17-01-2026,2026,1,Jan,Jan-26,Q1,FY25-26,292
18-01-2026,2026,1,Jan,Jan-26,Q1,FY25-26,293
19-01-2026,2026,1,Jan,Jan-26,Q1,FY25-26,294
20-01-2026,2026,1,Jan,Jan-26,Q1,FY25-26,295
21-01-2026,2026,1,Jan,Jan-26,Q1,FY25-26,296
22-01-2026,2026,1,Jan,Jan-26,Q1,FY25-26,297
23-01-2026,2026,1,Jan,Jan-26,Q1,FY25-26,298
24-01-2026,2026,1,Jan,Jan-26,Q1,FY25-26,299
25-01-2026,2026,1,Jan,Jan-26,Q1,FY25-26,300
26-01-2026,2026,1,Jan,Jan-26,Q1,FY25-26,301
27-01-2026,2026,1,Jan,Jan-26,Q1,FY25-26,302
28-01-2026,2026,1,Jan,Jan-26,Q1,FY25-26,303
29-01-2026,2026,1,Jan,Jan-26,Q1,FY25-26,304
30-01-2026,2026,1,Jan,Jan-26,Q1,FY25-26,305
31-01-2026,2026,1,Jan,Jan-26,Q1,FY25-26,306
01-02-2026,2026,2,Feb,Feb-26,Q1,FY25-26,307
02-02-2026,2026,2,Feb,Feb-26,Q1,FY25-26,308
03-02-2026,2026,2,Feb,Feb-26,Q1,FY25-26,309
04-02-2026,2026,2,Feb,Feb-26,Q1,FY25-26,310
05-02-2026,2026,2,Feb,Feb-26,Q1,FY25-26,311
06-02-2026,2026,2,Feb,Feb-26,Q1,FY25-26,312
07-02-2026,2026,2,Feb,Feb-26,Q1,FY25-26,313
08-02-2026,2026,2,Feb,Feb-26,Q1,FY25-26,314
09-02-2026,2026,2,Feb,Feb-26,Q1,FY25-26,315
10-02-2026,2026,2,Feb,Feb-26,Q1,FY25-26,316
11-02-2026,2026,2,Feb,Feb-26,Q1,FY25-26,317
12-02-2026,2026,2,Feb,Feb-26,Q1,FY25-26,318
13-02-2026,2026,2,Feb,Feb-26,Q1,FY25-26,319
14-02-2026,2026,2,Feb,Feb-26,Q1,FY25-26,320
15-02-2026,2026,2,Feb,Feb-26,Q1,FY25-26,321
16-02-2026,2026,2,Feb,Feb-26,Q1,FY25-26,322
17-02-2026,2026,2,Feb,Feb-26,Q1,FY25-26,323
18-02-2026,2026,2,Feb,Feb-26,Q1,FY25-26,324
19-02-2026,2026,2,Feb,Feb-26,Q1,FY25-26,325
20-02-2026,2026,2,Feb,Feb-26,Q1,FY25-26,326
21-02-2026,2026,2,Feb,Feb-26,Q1,FY25-26,327
22-02-2026,2026,2,Feb,Feb-26,Q1,FY25-26,328
23-02-2026,2026,2,Feb,Feb-26,Q1,FY25-26,329
24-02-2026,2026,2,Feb,Feb-26,Q1,FY25-26,330
25-02-2026,2026,2,Feb,Feb-26,Q1,FY25-26,331
26-02-2026,2026,2,Feb,Feb-26,Q1,FY25-26,332
27-02-2026,2026,2,Feb,Feb-26,Q1,FY25-26,333
28-02-2026,2026,2,Feb,Feb-26,Q1,FY25-26,334
01-03-2026,2026,3,Mar,Mar-26,Q1,FY25-26,335
02-03-2026,2026,3,Mar,Mar-26,Q1,FY25-26,336
03-03-2026,2026,3,Mar,Mar-26,Q1,FY25-26,337
04-03-2026,2026,3,Mar,Mar-26,Q1,FY25-26,338
05-03-2026,2026,3,Mar,Mar-26,Q1,FY25-26,339
06-03-2026,2026,3,Mar,Mar-26,Q1,FY25-26,340
07-03-2026,2026,3,Mar,Mar-26,Q1,FY25-26,341
08-03-2026,2026,3,Mar,Mar-26,Q1,FY25-26,342
09-03-2026,2026,3,Mar,Mar-26,Q1,FY25-26,343
10-03-2026,2026,3,Mar,Mar-26,Q1,FY25-26,344
11-03-2026,2026,3,Mar,Mar-26,Q1,FY25-26,345
12-03-2026,2026,3,Mar,Mar-26,Q1,FY25-26,346
13-03-2026,2026,3,Mar,Mar-26,Q1,FY25-26,347
14-03-2026,2026,3,Mar,Mar-26,Q1,FY25-26,348
15-03-2026,2026,3,Mar,Mar-26,Q1,FY25-26,349
16-03-2026,2026,3,Mar,Mar-26,Q1,FY25-26,350
17-03-2026,2026,3,Mar,Mar-26,Q1,FY25-26,351
18-03-2026,2026,3,Mar,Mar-26,Q1,FY25-26,352
19-03-2026,2026,3,Mar,Mar-26,Q1,FY25-26,353
20-03-2026,2026,3,Mar,Mar-26,Q1,FY25-26,354
21-03-2026,2026,3,Mar,Mar-26,Q1,FY25-26,355
22-03-2026,2026,3,Mar,Mar-26,Q1,FY25-26,356
23-03-2026,2026,3,Mar,Mar-26,Q1,FY25-26,357
24-03-2026,2026,3,Mar,Mar-26,Q1,FY25-26,358
25-03-2026,2026,3,Mar,Mar-26,Q1,FY25-26,359
26-03-2026,2026,3,Mar,Mar-26,Q1,FY25-26,360
27-03-2026,2026,3,Mar,Mar-26,Q1,FY25-26,361
28-03-2026,2026,3,Mar,Mar-26,Q1,FY25-26,362
29-03-2026,2026,3,Mar,Mar-26,Q1,FY25-26,363
30-03-2026,2026,3,Mar,Mar-26,Q1,FY25-26,364
31-03-2026,2026,3,Mar,Mar-26,Q1,FY25-26,365
